dataset,model,source_curve,epoch,train_acc,val_acc,train_loss,val_loss
AL6,baseline,outputs/ddp_baseline/20260508_115052/resnet50/training_curve.csv,1,0.2890625,0.4543795585632324,1.703137755393982,1.704885482788086
AL6,baseline,outputs/ddp_baseline/20260508_115052/resnet50/training_curve.csv,2,0.5486111044883728,0.6551094651222229,1.3941762447357178,1.4754732847213745
AL6,baseline,outputs/ddp_baseline/20260508_115052/resnet50/training_curve.csv,3,0.6779513955116272,0.6843065619468689,1.073103904724121,1.1023448705673218
AL6,baseline,outputs/ddp_baseline/20260508_115052/resnet50/training_curve.csv,4,0.7803819179534912,0.7299270033836365,0.7327750325202942,0.7703754901885986
AL6,baseline,outputs/ddp_baseline/20260508_115052/resnet50/training_curve.csv,5,0.8680555820465088,0.790145993232727,0.4534952938556671,0.5104355812072754
AL6,baseline,outputs/ddp_baseline/20260508_115052/resnet50/training_curve.csv,6,0.9027777910232544,0.8521897792816162,0.29380834102630615,0.3594954311847687
AL6,baseline,outputs/ddp_baseline/20260508_115052/resnet50/training_curve.csv,7,0.9418402910232544,0.8941605687141418,0.17910116910934448,0.24305756390094757
AL6,baseline,outputs/ddp_baseline/20260508_115052/resnet50/training_curve.csv,8,0.9678819179534912,0.9489051103591919,0.1028839647769928,0.1419806033372879
AL6,baseline,outputs/ddp_baseline/20260508_115052/resnet50/training_curve.csv,9,0.9774305820465088,0.9689781069755554,0.08130687475204468,0.09420333802700043
AL6,baseline,outputs/ddp_baseline/20260508_115052/resnet50/training_curve.csv,10,0.9869791865348816,0.9817517995834351,0.05533802509307861,0.07576319575309753
AL6,baseline,outputs/ddp_baseline/20260508_115052/resnet50/training_curve.csv,11,0.9861111044883728,0.9817517995834351,0.04035056009888649,0.06163719668984413
AL6,baseline,outputs/ddp_baseline/20260508_115052/resnet50/training_curve.csv,12,0.9895833134651184,0.989051103591919,0.03400585055351257,0.04819220304489136
AL6,baseline,outputs/ddp_baseline/20260508_115052/resnet50/training_curve.csv,13,0.9921875,0.9872262477874756,0.028043929487466812,0.04060622677206993
AL6,baseline,outputs/ddp_baseline/20260508_115052/resnet50/training_curve.csv,14,0.9973958134651184,0.989051103591919,0.021570226177573204,0.034879934042692184
AL6,baseline,outputs/ddp_baseline/20260508_115052/resnet50/training_curve.csv,15,0.9965277910232544,0.9872262477874756,0.016776863485574722,0.03675006330013275
AL6,baseline,outputs/ddp_baseline/20260508_115052/resnet50/training_curve.csv,16,0.9982638955116272,0.989051103591919,0.014575187116861343,0.03584073856472969
AL6,baseline,outputs/ddp_baseline/20260508_115052/resnet50/training_curve.csv,17,0.9965277910232544,0.989051103591919,0.013683214783668518,0.035713233053684235
AL6,baseline,outputs/ddp_baseline/20260508_115052/resnet50/training_curve.csv,18,0.9982638955116272,0.989051103591919,0.009322128258645535,0.038124389946460724
AL6,baseline,outputs/ddp_baseline/20260508_115052/resnet50/training_curve.csv,19,1.0,0.9872262477874756,0.010028966702520847,0.03539566323161125
AL6,baseline,outputs/ddp_baseline/20260508_115052/resnet50/training_curve.csv,20,0.9965277910232544,0.985401451587677,0.01295405998826027,0.037324924021959305
AL6,baseline,outputs/ddp_baseline/20260508_115052/resnet50/training_curve.csv,21,0.9991319179534912,0.985401451587677,0.007502113934606314,0.035674408078193665
AL6,baseline,outputs/ddp_baseline/20260508_115052/resnet50/training_curve.csv,22,0.9982638955116272,0.989051103591919,0.008008003234863281,0.032746147364377975
AL6,baseline,outputs/ddp_baseline/20260508_115052/resnet50/training_curve.csv,23,0.9982638955116272,0.989051103591919,0.007086329162120819,0.03147643059492111
AL6,baseline,outputs/ddp_baseline/20260508_115052/resnet50/training_curve.csv,24,0.9982638955116272,0.989051103591919,0.009829851798713207,0.03314381465315819
AL6,baseline,outputs/ddp_baseline/20260508_115052/resnet50/training_curve.csv,25,1.0,0.9908758997917175,0.004926195368170738,0.03506312891840935
AL6,baseline,outputs/ddp_baseline/20260508_115052/resnet50/training_curve.csv,26,1.0,0.9908758997917175,0.004290979355573654,0.035842955112457275
AL6,baseline,outputs/ddp_baseline/20260508_115052/resnet50/training_curve.csv,27,1.0,0.9908758997917175,0.005051190499216318,0.035168640315532684
AL6,baseline,outputs/ddp_baseline/20260508_115052/resnet50/training_curve.csv,28,0.9982638955116272,0.9908758997917175,0.0047670332714915276,0.035631295293569565
AL6,baseline,outputs/ddp_baseline/20260508_115052/resnet50/training_curve.csv,29,0.9991319179534912,0.9908758997917175,0.004584567621350288,0.036327432841062546
AL6,baseline,outputs/ddp_baseline/20260508_115052/resnet50/training_curve.csv,30,1.0,0.9908758997917175,0.00467679463326931,0.036413904279470444
AL6,baseline,outputs/ddp_baseline/20260508_115052/resnet50/training_curve.csv,31,1.0,0.9908758997917175,0.004437969997525215,0.03521254286170006
AL6,baseline,outputs/ddp_baseline/20260508_115052/resnet50/training_curve.csv,32,1.0,0.9908758997917175,0.0035309833474457264,0.033891744911670685
AL6,baseline,outputs/ddp_baseline/20260508_115052/resnet50/training_curve.csv,33,1.0,0.9908758997917175,0.003283559810370207,0.033287446945905685
AL6,baseline,outputs/ddp_baseline/20260508_115052/resnet50/training_curve.csv,34,1.0,0.9908758997917175,0.003228965448215604,0.03354743495583534
AL6,baseline,outputs/ddp_baseline/20260508_115052/resnet50/training_curve.csv,35,1.0,0.9908758997917175,0.0023791652638465166,0.03427199646830559
AL6,baseline,outputs/ddp_baseline/20260508_115052/resnet50/training_curve.csv,36,0.9991319179534912,0.9908758997917175,0.004991429392248392,0.034235477447509766
AL6,baseline,outputs/ddp_baseline/20260508_115052/resnet50/training_curve.csv,37,1.0,0.9908758997917175,0.002587192226201296,0.034716032445430756
AL6,baseline,outputs/ddp_baseline/20260508_115052/resnet50/training_curve.csv,38,1.0,0.9908758997917175,0.002771962434053421,0.03490070253610611
AL6,baseline,outputs/ddp_baseline/20260508_115052/resnet50/training_curve.csv,39,0.9982638955116272,0.9908758997917175,0.0042992811650037766,0.034728579223155975
AL6,baseline,outputs/ddp_baseline/20260508_115052/resnet50/training_curve.csv,40,0.9982638955116272,0.9908758997917175,0.003681048285216093,0.03429009020328522
AL6,aafnet,outputs/ddp_aafnet_v2/20260508_125340/resnet50/training_curve.csv,1,0.2161458283662796,0.34306567907333374,2.2936391830444336,2.1972382068634033
AL6,aafnet,outputs/ddp_aafnet_v2/20260508_125340/resnet50/training_curve.csv,2,0.3967013955116272,0.5638686418533325,2.08205509185791,2.02726674079895
AL6,aafnet,outputs/ddp_aafnet_v2/20260508_125340/resnet50/training_curve.csv,3,0.5286458134651184,0.720802903175354,1.8857691287994385,1.7076879739761353
AL6,aafnet,outputs/ddp_aafnet_v2/20260508_125340/resnet50/training_curve.csv,4,0.640625,0.7554744482040405,1.6419779062271118,1.2899295091629028
AL6,aafnet,outputs/ddp_aafnet_v2/20260508_125340/resnet50/training_curve.csv,5,0.6996527910232544,0.8321167826652527,1.4070839881896973,1.0671478509902954
AL6,aafnet,outputs/ddp_aafnet_v2/20260508_125340/resnet50/training_curve.csv,6,0.8038194179534912,0.8467153310775757,1.21144700050354,0.9559428691864014
AL6,aafnet,outputs/ddp_aafnet_v2/20260508_125340/resnet50/training_curve.csv,7,0.8472222089767456,0.8996350169181824,1.07886803150177,0.8803568482398987
AL6,aafnet,outputs/ddp_aafnet_v2/20260508_125340/resnet50/training_curve.csv,8,0.8932291865348816,0.9197080135345459,1.0141931772232056,0.8566184043884277
AL6,aafnet,outputs/ddp_aafnet_v2/20260508_125340/resnet50/training_curve.csv,9,0.9244791865348816,0.9251824617385864,0.9273511171340942,0.8261707425117493
AL6,aafnet,outputs/ddp_aafnet_v2/20260508_125340/resnet50/training_curve.csv,10,0.9175347089767456,0.9525547623634338,0.9049508571624756,0.7500898838043213
AL6,aafnet,outputs/ddp_aafnet_v2/20260508_125340/resnet50/training_curve.csv,11,0.9401041865348816,0.9653284549713135,0.8531169891357422,0.725651204586029
AL6,aafnet,outputs/ddp_aafnet_v2/20260508_125340/resnet50/training_curve.csv,12,0.9375,0.9762773513793945,0.8758988976478577,0.7186514139175415
AL6,aafnet,outputs/ddp_aafnet_v2/20260508_125340/resnet50/training_curve.csv,13,0.9444444179534912,0.9835766553878784,0.8653246760368347,0.7059521675109863
AL6,aafnet,outputs/ddp_aafnet_v2/20260508_125340/resnet50/training_curve.csv,14,0.9418402910232544,0.9817517995834351,0.8261908292770386,0.6940463185310364
AL6,aafnet,outputs/ddp_aafnet_v2/20260508_125340/resnet50/training_curve.csv,15,0.9557291865348816,0.9835766553878784,0.7838078737258911,0.692310094833374
AL6,aafnet,outputs/ddp_aafnet_v2/20260508_125340/resnet50/training_curve.csv,16,0.9618055820465088,0.985401451587677,0.7823504209518433,0.6819332838058472
AL6,aafnet,outputs/ddp_aafnet_v2/20260508_125340/resnet50/training_curve.csv,17,0.9730902910232544,0.9762773513793945,0.7644326090812683,0.6896345019340515
AL6,aafnet,outputs/ddp_aafnet_v2/20260508_125340/resnet50/training_curve.csv,18,0.9635416865348816,0.985401451587677,0.7777522206306458,0.6821072697639465
AL6,aafnet,outputs/ddp_aafnet_v2/20260508_125340/resnet50/training_curve.csv,19,0.9748263955116272,0.989051103591919,0.7680857181549072,0.6684200763702393
AL6,aafnet,outputs/ddp_aafnet_v2/20260508_125340/resnet50/training_curve.csv,20,0.9678819179534912,0.9908758997917175,0.7615191340446472,0.6653121709823608
AL6,aafnet,outputs/ddp_aafnet_v2/20260508_125340/resnet50/training_curve.csv,21,0.9713541865348816,0.9908758997917175,0.7449740171432495,0.6633946299552917
AL6,aafnet,outputs/ddp_aafnet_v2/20260508_125340/resnet50/training_curve.csv,22,0.96875,0.9908758997917175,0.7554962635040283,0.6584393978118896
AL6,aafnet,outputs/ddp_aafnet_v2/20260508_125340/resnet50/training_curve.csv,23,0.9722222089767456,0.9908758997917175,0.7346439957618713,0.6550967693328857
AL6,aafnet,outputs/ddp_aafnet_v2/20260508_125340/resnet50/training_curve.csv,24,0.9748263955116272,0.9908758997917175,0.7386007308959961,0.6491551399230957
AL6,aafnet,outputs/ddp_aafnet_v2/20260508_125340/resnet50/training_curve.csv,25,0.9748263955116272,0.9945255517959595,0.7342232465744019,0.6475764513015747
AL6,aafnet,outputs/ddp_aafnet_v2/20260508_125340/resnet50/training_curve.csv,26,0.9791666865348816,0.9927007555961609,0.7277472019195557,0.6491110920906067
AL6,aafnet,outputs/ddp_aafnet_v2/20260508_125340/resnet50/training_curve.csv,27,0.9835069179534912,0.9945255517959595,0.7080533504486084,0.6490858197212219
AL6,aafnet,outputs/ddp_aafnet_v2/20260508_125340/resnet50/training_curve.csv,28,0.9835069179534912,0.9927007555961609,0.7056423425674438,0.6490765810012817
AL6,aafnet,outputs/ddp_aafnet_v2/20260508_125340/resnet50/training_curve.csv,29,0.9826388955116272,0.9908758997917175,0.7166093587875366,0.6489746570587158
AL6,aafnet,outputs/ddp_aafnet_v2/20260508_125340/resnet50/training_curve.csv,30,0.9869791865348816,0.9927007555961609,0.7010189890861511,0.6462602615356445
AL6,aafnet,outputs/ddp_aafnet_v2/20260508_125340/resnet50/training_curve.csv,31,0.9878472089767456,0.9927007555961609,0.7016088366508484,0.6460294723510742
AL6,aafnet,outputs/ddp_aafnet_v2/20260508_125340/resnet50/training_curve.csv,32,0.984375,0.9927007555961609,0.7098737955093384,0.6462360620498657
AL6,aafnet,outputs/ddp_aafnet_v2/20260508_125340/resnet50/training_curve.csv,33,0.9835069179534912,0.9927007555961609,0.6993067264556885,0.6453354954719543
AL6,aafnet,outputs/ddp_aafnet_v2/20260508_125340/resnet50/training_curve.csv,34,0.9869791865348816,0.9945255517959595,0.7057448625564575,0.6446563005447388
AL6,aafnet,outputs/ddp_aafnet_v2/20260508_125340/resnet50/training_curve.csv,35,0.9826388955116272,0.9945255517959595,0.715435266494751,0.6422128081321716
AL6,aafnet,outputs/ddp_aafnet_v2/20260508_125340/resnet50/training_curve.csv,36,0.9835069179534912,0.9927007555961609,0.7100875973701477,0.642029345035553
AL6,aafnet,outputs/ddp_aafnet_v2/20260508_125340/resnet50/training_curve.csv,37,0.9826388955116272,0.9927007555961609,0.7017292380332947,0.6432651877403259
AL6,aafnet,outputs/ddp_aafnet_v2/20260508_125340/resnet50/training_curve.csv,38,0.9826388955116272,0.9927007555961609,0.7077630162239075,0.6442782878875732
AL6,aafnet,outputs/ddp_aafnet_v2/20260508_125340/resnet50/training_curve.csv,39,0.984375,0.9908758997917175,0.7035288214683533,0.6468024849891663
AL6,aafnet,outputs/ddp_aafnet_v2/20260508_125340/resnet50/training_curve.csv,40,0.9904513955116272,0.9908758997917175,0.7000123262405396,0.6467695236206055
ASP_clean,baseline,outputs/asp_as25_baseline_ASP_clean_seed42/20260508_221149/resnet50/training_curve.csv,1,0.30604618787765503,0.3990536332130432,1.9259729385375977,1.6113516092300415
ASP_clean,baseline,outputs/asp_as25_baseline_ASP_clean_seed42/20260508_221149/resnet50/training_curve.csv,2,0.502547562122345,0.5753154754638672,1.3712122440338135,1.2104589939117432
ASP_clean,baseline,outputs/asp_as25_baseline_ASP_clean_seed42/20260508_221149/resnet50/training_curve.csv,3,0.6081861257553101,0.6242113709449768,1.0948542356491089,1.0603554248809814
ASP_clean,baseline,outputs/asp_as25_baseline_ASP_clean_seed42/20260508_221149/resnet50/training_curve.csv,4,0.663213312625885,0.6462934017181396,0.9423769116401672,0.979324460029602
ASP_clean,baseline,outputs/asp_as25_baseline_ASP_clean_seed42/20260508_221149/resnet50/training_curve.csv,5,0.7051630616188049,0.6656151413917542,0.820665717124939,0.9250707030296326
ASP_clean,baseline,outputs/asp_as25_baseline_ASP_clean_seed42/20260508_221149/resnet50/training_curve.csv,6,0.7520380616188049,0.6916403770446777,0.6997290253639221,0.8991628885269165
ASP_clean,baseline,outputs/asp_as25_baseline_ASP_clean_seed42/20260508_221149/resnet50/training_curve.csv,7,0.7841372489929199,0.6896687746047974,0.6128900051116943,0.9491220712661743
ASP_clean,baseline,outputs/asp_as25_baseline_ASP_clean_seed42/20260508_221149/resnet50/training_curve.csv,8,0.8131793737411499,0.6928233504295349,0.5304493308067322,0.93114173412323
ASP_clean,baseline,outputs/asp_as25_baseline_ASP_clean_seed42/20260508_221149/resnet50/training_curve.csv,9,0.832370936870575,0.7046530246734619,0.4600957930088043,0.9619485139846802
ASP_clean,baseline,outputs/asp_as25_baseline_ASP_clean_seed42/20260508_221149/resnet50/training_curve.csv,10,0.86158287525177,0.6951892971992493,0.3879391551017761,0.9722706079483032
ASP_clean,baseline,outputs/asp_as25_baseline_ASP_clean_seed42/20260508_221149/resnet50/training_curve.csv,11,0.8807744383811951,0.6951892971992493,0.3417285084724426,0.9849655032157898
ASP_clean,baseline,outputs/asp_as25_baseline_ASP_clean_seed42/20260508_221149/resnet50/training_curve.csv,12,0.8957201242446899,0.6955835819244385,0.29343920946121216,1.0189591646194458
ASP_clean,baseline,outputs/asp_as25_baseline_ASP_clean_seed42/20260508_221149/resnet50/training_curve.csv,13,0.9125339388847351,0.7003154754638672,0.24876773357391357,1.0866520404815674
ASP_clean,baseline,outputs/asp_as25_baseline_ASP_clean_seed42/20260508_221149/resnet50/training_curve.csv,14,0.9186481237411499,0.6932176947593689,0.22431287169456482,1.0837980508804321
ASP_clean,baseline,outputs/asp_as25_baseline_ASP_clean_seed42/20260508_221149/resnet50/training_curve.csv,15,0.9363111257553101,0.6940063238143921,0.18816210329532623,1.0786162614822388
ASP_clean,baseline,outputs/asp_as25_baseline_ASP_clean_seed42/20260508_221149/resnet50/training_curve.csv,16,0.9429348111152649,0.6999211311340332,0.17129215598106384,1.0803154706954956
ASP_clean,baseline,outputs/asp_as25_baseline_ASP_clean_seed42/20260508_221149/resnet50/training_curve.csv,17,0.95091712474823,0.6963722109794617,0.14635510742664337,1.1204463243484497
ASP_clean,baseline,outputs/asp_as25_baseline_ASP_clean_seed42/20260508_221149/resnet50/training_curve.csv,18,0.95754075050354,0.7014984488487244,0.13060711324214935,1.1041507720947266
ASP_clean,baseline,outputs/asp_as25_baseline_ASP_clean_seed42/20260508_221149/resnet50/training_curve.csv,19,0.9558423757553101,0.7070189118385315,0.12932328879833221,1.1035046577453613
ASP_clean,baseline,outputs/asp_as25_baseline_ASP_clean_seed42/20260508_221149/resnet50/training_curve.csv,20,0.95872962474823,0.7113564610481262,0.1247699037194252,1.1150898933410645
ASP_clean,baseline,outputs/asp_as25_baseline_ASP_clean_seed42/20260508_221149/resnet50/training_curve.csv,21,0.961277186870575,0.7026813626289368,0.12195473909378052,1.1394838094711304
ASP_clean,baseline,outputs/asp_as25_baseline_ASP_clean_seed42/20260508_221149/resnet50/training_curve.csv,22,0.96535325050354,0.7066246271133423,0.10755001753568649,1.1301771402359009
ASP_clean,baseline,outputs/asp_as25_baseline_ASP_clean_seed42/20260508_221149/resnet50/training_curve.csv,23,0.966202437877655,0.7050473093986511,0.10530595481395721,1.1419564485549927
ASP_clean,baseline,outputs/asp_as25_baseline_ASP_clean_seed42/20260508_221149/resnet50/training_curve.csv,24,0.967900812625885,0.7113564610481262,0.1025819182395935,1.1359632015228271
ASP_clean,baseline,outputs/asp_as25_baseline_ASP_clean_seed42/20260508_221149/resnet50/training_curve.csv,25,0.9638247489929199,0.7082018852233887,0.10099858045578003,1.1329166889190674
ASP_clean,baseline,outputs/asp_as25_baseline_ASP_clean_seed42/20260508_221149/resnet50/training_curve.csv,26,0.9658627510070801,0.7117508053779602,0.09809387475252151,1.1341853141784668
ASP_clean,baseline,outputs/asp_as25_baseline_ASP_clean_seed42/20260508_221149/resnet50/training_curve.csv,27,0.967900812625885,0.715299665927887,0.09667136520147324,1.1260043382644653
ASP_clean,baseline,outputs/asp_as25_baseline_ASP_clean_seed42/20260508_221149/resnet50/training_curve.csv,28,0.969089686870575,0.7089905142784119,0.1000455766916275,1.1375007629394531
ASP_clean,baseline,outputs/asp_as25_baseline_ASP_clean_seed42/20260508_221149/resnet50/training_curve.csv,29,0.9663723111152649,0.710173487663269,0.10313531756401062,1.136107087135315
ASP_clean,baseline,outputs/asp_as25_baseline_ASP_clean_seed42/20260508_221149/resnet50/training_curve.csv,30,0.9668818116188049,0.7113564610481262,0.1003514751791954,1.1307216882705688
ASP_clean,aafnet,outputs/asp_as25_aafnet_ASP_clean_seed42/20260508_215629/resnet50/training_curve.csv,1,0.26069971919059753,0.4238958954811096,2.5458223819732666,2.085474729537964
ASP_clean,aafnet,outputs/asp_as25_aafnet_ASP_clean_seed42/20260508_215629/resnet50/training_curve.csv,2,0.44276493787765503,0.5686119794845581,2.1049625873565674,1.7728148698806763
ASP_clean,aafnet,outputs/asp_as25_aafnet_ASP_clean_seed42/20260508_215629/resnet50/training_curve.csv,3,0.515625,0.5985804200172424,1.8863064050674438,1.6696149110794067
ASP_clean,aafnet,outputs/asp_as25_aafnet_ASP_clean_seed42/20260508_215629/resnet50/training_curve.csv,4,0.5721806883811951,0.6336750984191895,1.7632344961166382,1.5768680572509766
ASP_clean,aafnet,outputs/asp_as25_aafnet_ASP_clean_seed42/20260508_215629/resnet50/training_curve.csv,5,0.592391312122345,0.6707413196563721,1.6924530267715454,1.508829116821289
ASP_clean,aafnet,outputs/asp_as25_aafnet_ASP_clean_seed42/20260508_215629/resnet50/training_curve.csv,6,0.625849187374115,0.6845425963401794,1.6048239469528198,1.4620113372802734
ASP_clean,aafnet,outputs/asp_as25_aafnet_ASP_clean_seed42/20260508_215629/resnet50/training_curve.csv,7,0.6577785611152649,0.6841482520103455,1.5245765447616577,1.4660472869873047
ASP_clean,aafnet,outputs/asp_as25_aafnet_ASP_clean_seed42/20260508_215629/resnet50/training_curve.csv,8,0.6756114363670349,0.6963722109794617,1.48256254196167,1.4373804330825806
ASP_clean,aafnet,outputs/asp_as25_aafnet_ASP_clean_seed42/20260508_215629/resnet50/training_curve.csv,9,0.6825747489929199,0.6944006085395813,1.438026785850525,1.4244426488876343
ASP_clean,aafnet,outputs/asp_as25_aafnet_ASP_clean_seed42/20260508_215629/resnet50/training_curve.csv,10,0.7128056883811951,0.7034700512886047,1.3737351894378662,1.4319921731948853
ASP_clean,aafnet,outputs/asp_as25_aafnet_ASP_clean_seed42/20260508_215629/resnet50/training_curve.csv,11,0.719089686870575,0.6959779262542725,1.3428828716278076,1.4271477460861206
ASP_clean,aafnet,outputs/asp_as25_aafnet_ASP_clean_seed42/20260508_215629/resnet50/training_curve.csv,12,0.7294497489929199,0.7042586803436279,1.3241057395935059,1.4157066345214844
ASP_clean,aafnet,outputs/asp_as25_aafnet_ASP_clean_seed42/20260508_215629/resnet50/training_curve.csv,13,0.743036687374115,0.7093848586082458,1.2805901765823364,1.41566002368927
ASP_clean,aafnet,outputs/asp_as25_aafnet_ASP_clean_seed42/20260508_215629/resnet50/training_curve.csv,14,0.764266312122345,0.7149053812026978,1.2240681648254395,1.3966152667999268
ASP_clean,aafnet,outputs/asp_as25_aafnet_ASP_clean_seed42/20260508_215629/resnet50/training_curve.csv,15,0.7666440010070801,0.727523684501648,1.227542757987976,1.3901702165603638
ASP_clean,aafnet,outputs/asp_as25_aafnet_ASP_clean_seed42/20260508_215629/resnet50/training_curve.csv,16,0.78464674949646,0.7208201885223389,1.165146827697754,1.4143060445785522
ASP_clean,aafnet,outputs/asp_as25_aafnet_ASP_clean_seed42/20260508_215629/resnet50/training_curve.csv,17,0.7890625,0.7247633934020996,1.147426962852478,1.4040476083755493
ASP_clean,aafnet,outputs/asp_as25_aafnet_ASP_clean_seed42/20260508_215629/resnet50/training_curve.csv,18,0.8009510636329651,0.7196372151374817,1.1247029304504395,1.3962221145629883
ASP_clean,aafnet,outputs/asp_as25_aafnet_ASP_clean_seed42/20260508_215629/resnet50/training_curve.csv,19,0.803838312625885,0.7208201885223389,1.0957459211349487,1.4089170694351196
ASP_clean,aafnet,outputs/asp_as25_aafnet_ASP_clean_seed42/20260508_215629/resnet50/training_curve.csv,20,0.8114809989929199,0.7235804200172424,1.0998455286026,1.3961822986602783
ASP_clean,aafnet,outputs/asp_as25_aafnet_ASP_clean_seed42/20260508_215629/resnet50/training_curve.csv,21,0.8123301863670349,0.7188485860824585,1.0786556005477905,1.4054003953933716
ASP_clean,aafnet,outputs/asp_as25_aafnet_ASP_clean_seed42/20260508_215629/resnet50/training_curve.csv,22,0.8221806883811951,0.7235804200172424,1.0683982372283936,1.3995014429092407
ASP_clean,aafnet,outputs/asp_as25_aafnet_ASP_clean_seed42/20260508_215629/resnet50/training_curve.csv,23,0.827785313129425,0.7306782603263855,1.0459648370742798,1.4016757011413574
ASP_clean,aafnet,outputs/asp_as25_aafnet_ASP_clean_seed42/20260508_215629/resnet50/training_curve.csv,24,0.8371263742446899,0.7247633934020996,1.0274144411087036,1.402054786682129
ASP_clean,aafnet,outputs/asp_as25_aafnet_ASP_clean_seed42/20260508_215629/resnet50/training_curve.csv,25,0.8383151888847351,0.7239747643470764,1.0159802436828613,1.4102330207824707
ASP_clean,aafnet,outputs/asp_as25_aafnet_ASP_clean_seed42/20260508_215629/resnet50/training_curve.csv,26,0.83644700050354,0.7227917909622192,1.0217021703720093,1.4067250490188599
ASP_clean,aafnet,outputs/asp_as25_aafnet_ASP_clean_seed42/20260508_215629/resnet50/training_curve.csv,27,0.8439198136329651,0.7263407111167908,1.0123438835144043,1.398990511894226
ASP_clean,aafnet,outputs/asp_as25_aafnet_ASP_clean_seed42/20260508_215629/resnet50/training_curve.csv,28,0.84595787525177,0.7259463667869568,1.0127307176589966,1.4028422832489014
ASP_clean,aafnet,outputs/asp_as25_aafnet_ASP_clean_seed42/20260508_215629/resnet50/training_curve.csv,29,0.8357676863670349,0.7247633934020996,1.028843879699707,1.4050520658493042
ASP_clean,aafnet,outputs/asp_as25_aafnet_ASP_clean_seed42/20260508_215629/resnet50/training_curve.csv,30,0.8388247489929199,0.7298895716667175,1.0106316804885864,1.3998866081237793
AS25_clean,baseline,outputs/asp_as25_baseline_AS25_clean_seed42/20260508_230242/resnet50/training_curve.csv,1,0.1260557472705841,0.1674664169549942,3.0696616172790527,2.8720905780792236
AS25_clean,baseline,outputs/asp_as25_baseline_AS25_clean_seed42/20260508_230242/resnet50/training_curve.csv,2,0.2937077581882477,0.338291734457016,2.501558780670166,2.1969518661499023
AS25_clean,baseline,outputs/asp_as25_baseline_AS25_clean_seed42/20260508_230242/resnet50/training_curve.csv,3,0.4142736494541168,0.4443378150463104,1.9744054079055786,1.7829859256744385
AS25_clean,baseline,outputs/asp_as25_baseline_AS25_clean_seed42/20260508_230242/resnet50/training_curve.csv,4,0.5021114945411682,0.5038387775421143,1.5895066261291504,1.5506877899169922
AS25_clean,baseline,outputs/asp_as25_baseline_AS25_clean_seed42/20260508_230242/resnet50/training_curve.csv,5,0.5770692825317383,0.5359885096549988,1.3458083868026733,1.4379734992980957
AS25_clean,baseline,outputs/asp_as25_baseline_AS25_clean_seed42/20260508_230242/resnet50/training_curve.csv,6,0.630912184715271,0.5638195872306824,1.1627370119094849,1.374950647354126
AS25_clean,baseline,outputs/asp_as25_baseline_AS25_clean_seed42/20260508_230242/resnet50/training_curve.csv,7,0.6735641956329346,0.5647792816162109,1.0220491886138916,1.3618659973144531
AS25_clean,baseline,outputs/asp_as25_baseline_AS25_clean_seed42/20260508_230242/resnet50/training_curve.csv,8,0.7183277010917664,0.5796545147895813,0.8917640447616577,1.3356989622116089
AS25_clean,baseline,outputs/asp_as25_baseline_AS25_clean_seed42/20260508_230242/resnet50/training_curve.csv,9,0.7472550868988037,0.5930902361869812,0.7924893498420715,1.3268736600875854
AS25_clean,baseline,outputs/asp_as25_baseline_AS25_clean_seed42/20260508_230242/resnet50/training_curve.csv,10,0.7829391956329346,0.6036468148231506,0.6735883951187134,1.3046287298202515
AS25_clean,baseline,outputs/asp_as25_baseline_AS25_clean_seed42/20260508_230242/resnet50/training_curve.csv,11,0.8023648858070374,0.6113243699073792,0.6221386194229126,1.303206443786621
AS25_clean,baseline,outputs/asp_as25_baseline_AS25_clean_seed42/20260508_230242/resnet50/training_curve.csv,12,0.8291807174682617,0.6209213137626648,0.5263828635215759,1.2898905277252197
AS25_clean,baseline,outputs/asp_as25_baseline_AS25_clean_seed42/20260508_230242/resnet50/training_curve.csv,13,0.8545185923576355,0.6281189918518066,0.460642009973526,1.3222401142120361
AS25_clean,baseline,outputs/asp_as25_baseline_AS25_clean_seed42/20260508_230242/resnet50/training_curve.csv,14,0.873099684715271,0.6214011311531067,0.3974413573741913,1.3461025953292847
AS25_clean,baseline,outputs/asp_as25_baseline_AS25_clean_seed42/20260508_230242/resnet50/training_curve.csv,15,0.8876689076423645,0.6266794800758362,0.3683808743953705,1.3429288864135742
AS25_clean,baseline,outputs/asp_as25_baseline_AS25_clean_seed42/20260508_230242/resnet50/training_curve.csv,16,0.8986486196517944,0.6333973407745361,0.3257977366447449,1.3465980291366577
AS25_clean,baseline,outputs/asp_as25_baseline_AS25_clean_seed42/20260508_230242/resnet50/training_curve.csv,17,0.9024493098258972,0.6266794800758362,0.3044535219669342,1.3743512630462646
AS25_clean,baseline,outputs/asp_as25_baseline_AS25_clean_seed42/20260508_230242/resnet50/training_curve.csv,18,0.9151182174682617,0.6367562413215637,0.2667025625705719,1.353557825088501
AS25_clean,baseline,outputs/asp_as25_baseline_AS25_clean_seed42/20260508_230242/resnet50/training_curve.csv,19,0.9273648858070374,0.6367562413215637,0.24576754868030548,1.3616212606430054
AS25_clean,baseline,outputs/asp_as25_baseline_AS25_clean_seed42/20260508_230242/resnet50/training_curve.csv,20,0.9391891956329346,0.6391554474830627,0.21764832735061646,1.3647041320800781
AS25_clean,baseline,outputs/asp_as25_baseline_AS25_clean_seed42/20260508_230242/resnet50/training_curve.csv,21,0.9383445978164673,0.6410748362541199,0.20002304017543793,1.3852273225784302
AS25_clean,baseline,outputs/asp_as25_baseline_AS25_clean_seed42/20260508_230242/resnet50/training_curve.csv,22,0.9480574131011963,0.6420345306396484,0.18307040631771088,1.374629259109497
AS25_clean,baseline,outputs/asp_as25_baseline_AS25_clean_seed42/20260508_230242/resnet50/training_curve.csv,23,0.9470016956329346,0.6473128795623779,0.18102893233299255,1.3738725185394287
AS25_clean,baseline,outputs/asp_as25_baseline_AS25_clean_seed42/20260508_230242/resnet50/training_curve.csv,24,0.9448902010917664,0.6401151418685913,0.18243715167045593,1.379610538482666
AS25_clean,baseline,outputs/asp_as25_baseline_AS25_clean_seed42/20260508_230242/resnet50/training_curve.csv,25,0.9546030163764954,0.6439539194107056,0.17108771204948425,1.3836013078689575
AS25_clean,baseline,outputs/asp_as25_baseline_AS25_clean_seed42/20260508_230242/resnet50/training_curve.csv,26,0.9514358043670654,0.6487523913383484,0.1726163625717163,1.3853759765625
AS25_clean,baseline,outputs/asp_as25_baseline_AS25_clean_seed42/20260508_230242/resnet50/training_curve.csv,27,0.9516469836235046,0.6463531851768494,0.16675709187984467,1.3857009410858154
AS25_clean,baseline,outputs/asp_as25_baseline_AS25_clean_seed42/20260508_230242/resnet50/training_curve.csv,28,0.9541807174682617,0.6391554474830627,0.15849271416664124,1.3848000764846802
AS25_clean,baseline,outputs/asp_as25_baseline_AS25_clean_seed42/20260508_230242/resnet50/training_curve.csv,29,0.9541807174682617,0.6453934907913208,0.16781628131866455,1.3832038640975952
AS25_clean,baseline,outputs/asp_as25_baseline_AS25_clean_seed42/20260508_230242/resnet50/training_curve.csv,30,0.9510135054588318,0.6458733081817627,0.16818353533744812,1.3817002773284912
AS25_clean,aafnet,outputs/asp_as25_aafnet_AS25_clean_seed42/20260508_224011/resnet50/training_curve.csv,1,0.08234797418117523,0.17418426275253296,3.9352846145629883,3.7109122276306152
AS25_clean,aafnet,outputs/asp_as25_aafnet_AS25_clean_seed42/20260508_224011/resnet50/training_curve.csv,2,0.2090371549129486,0.31765833497047424,3.457512617111206,2.866450309753418
AS25_clean,aafnet,outputs/asp_as25_aafnet_AS25_clean_seed42/20260508_224011/resnet50/training_curve.csv,3,0.3321368098258972,0.44097888469696045,2.91677188873291,2.3804931640625
AS25_clean,aafnet,outputs/asp_as25_aafnet_AS25_clean_seed42/20260508_224011/resnet50/training_curve.csv,4,0.3986486494541168,0.49280229210853577,2.513275623321533,2.151515483856201
AS25_clean,aafnet,outputs/asp_as25_aafnet_AS25_clean_seed42/20260508_224011/resnet50/training_curve.csv,5,0.4719172418117523,0.5215930938720703,2.2823660373687744,2.0134849548339844
AS25_clean,aafnet,outputs/asp_as25_aafnet_AS25_clean_seed42/20260508_224011/resnet50/training_curve.csv,6,0.5116131901741028,0.542706310749054,2.089195728302002,1.8992565870285034
AS25_clean,aafnet,outputs/asp_as25_aafnet_AS25_clean_seed42/20260508_224011/resnet50/training_curve.csv,7,0.5358952879905701,0.5503838658332825,1.980036973953247,1.8820092678070068
AS25_clean,aafnet,outputs/asp_as25_aafnet_AS25_clean_seed42/20260508_224011/resnet50/training_curve.csv,8,0.5608108043670654,0.5647792816162109,1.8965994119644165,1.8280589580535889
AS25_clean,aafnet,outputs/asp_as25_aafnet_AS25_clean_seed42/20260508_224011/resnet50/training_curve.csv,9,0.5865709185600281,0.5954894423484802,1.8129894733428955,1.7535552978515625
AS25_clean,aafnet,outputs/asp_as25_aafnet_AS25_clean_seed42/20260508_224011/resnet50/training_curve.csv,10,0.6055743098258972,0.609404981136322,1.7217957973480225,1.706831455230713
AS25_clean,aafnet,outputs/asp_as25_aafnet_AS25_clean_seed42/20260508_224011/resnet50/training_curve.csv,11,0.6402027010917664,0.5964491367340088,1.6238038539886475,1.7183414697647095
AS25_clean,aafnet,outputs/asp_as25_aafnet_AS25_clean_seed42/20260508_224011/resnet50/training_curve.csv,12,0.6402027010917664,0.6156429648399353,1.6053017377853394,1.7476577758789062
AS25_clean,aafnet,outputs/asp_as25_aafnet_AS25_clean_seed42/20260508_224011/resnet50/training_curve.csv,13,0.6606841087341309,0.6079654693603516,1.527498722076416,1.733514666557312
AS25_clean,aafnet,outputs/asp_as25_aafnet_AS25_clean_seed42/20260508_224011/resnet50/training_curve.csv,14,0.6735641956329346,0.6353166699409485,1.4682598114013672,1.6532779932022095
AS25_clean,aafnet,outputs/asp_as25_aafnet_AS25_clean_seed42/20260508_224011/resnet50/training_curve.csv,15,0.6948902010917664,0.6381957530975342,1.4526557922363281,1.6733258962631226
AS25_clean,aafnet,outputs/asp_as25_aafnet_AS25_clean_seed42/20260508_224011/resnet50/training_curve.csv,16,0.6997466087341309,0.6401151418685913,1.410264253616333,1.6252671480178833
AS25_clean,aafnet,outputs/asp_as25_aafnet_AS25_clean_seed42/20260508_224011/resnet50/training_curve.csv,17,0.7092483043670654,0.6453934907913208,1.3667542934417725,1.624971866607666
AS25_clean,aafnet,outputs/asp_as25_aafnet_AS25_clean_seed42/20260508_224011/resnet50/training_curve.csv,18,0.712837815284729,0.6420345306396484,1.3608464002609253,1.6503322124481201
AS25_clean,aafnet,outputs/asp_as25_aafnet_AS25_clean_seed42/20260508_224011/resnet50/training_curve.csv,19,0.7385979890823364,0.6453934907913208,1.2769092321395874,1.6344660520553589
AS25_clean,aafnet,outputs/asp_as25_aafnet_AS25_clean_seed42/20260508_224011/resnet50/training_curve.csv,20,0.7282516956329346,0.649712085723877,1.2652842998504639,1.6326875686645508
AS25_clean,aafnet,outputs/asp_as25_aafnet_AS25_clean_seed42/20260508_224011/resnet50/training_curve.csv,21,0.7487331032752991,0.6506717801094055,1.2367435693740845,1.6192023754119873
AS25_clean,aafnet,outputs/asp_as25_aafnet_AS25_clean_seed42/20260508_224011/resnet50/training_curve.csv,22,0.751900315284729,0.6473128795623779,1.2510802745819092,1.622968316078186
AS25_clean,aafnet,outputs/asp_as25_aafnet_AS25_clean_seed42/20260508_224011/resnet50/training_curve.csv,23,0.7607685923576355,0.6516314744949341,1.2064024209976196,1.619660496711731
AS25_clean,aafnet,outputs/asp_as25_aafnet_AS25_clean_seed42/20260508_224011/resnet50/training_curve.csv,24,0.7658361196517944,0.6588291525840759,1.18424391746521,1.613439679145813
AS25_clean,aafnet,outputs/asp_as25_aafnet_AS25_clean_seed42/20260508_224011/resnet50/training_curve.csv,25,0.7730152010917664,0.6535508632659912,1.168277621269226,1.6148637533187866
AS25_clean,aafnet,outputs/asp_as25_aafnet_AS25_clean_seed42/20260508_224011/resnet50/training_curve.csv,26,0.7649915814399719,0.6559500694274902,1.1726490259170532,1.6124694347381592
AS25_clean,aafnet,outputs/asp_as25_aafnet_AS25_clean_seed42/20260508_224011/resnet50/training_curve.csv,27,0.7740709185600281,0.6573896408081055,1.1784577369689941,1.6120327711105347
AS25_clean,aafnet,outputs/asp_as25_aafnet_AS25_clean_seed42/20260508_224011/resnet50/training_curve.csv,28,0.7664695978164673,0.6569097638130188,1.171924114227295,1.6122808456420898
AS25_clean,aafnet,outputs/asp_as25_aafnet_AS25_clean_seed42/20260508_224011/resnet50/training_curve.csv,29,0.7785050868988037,0.6559500694274902,1.1611766815185547,1.608065128326416
AS25_clean,aafnet,outputs/asp_as25_aafnet_AS25_clean_seed42/20260508_224011/resnet50/training_curve.csv,30,0.7740709185600281,0.6569097638130188,1.1530243158340454,1.6088478565216064
